datetime,humidity,precip,windspeed,rainfall_intensity
2022-12-31T00:00:00,85.45,0.0,9.4,9.4
2022-12-31T01:00:00,88.1,0.0,9.4,9.4
2022-12-31T02:00:00,82.67,0.0,0.1,0.1
2022-12-31T03:00:00,96.94,0.0,5.4,5.4
2022-12-31T04:00:00,96.82,0.0,4.5,4.5
2022-12-31T05:00:00,92.12,0.0,0.0,0.0
2022-12-31T06:00:00,94.02,0.0,0.2,0.2
2022-12-31T07:00:00,83.22,0.0,0.2,0.2
2022-12-31T08:00:00,84.72,0.0,0.0,0.0
2022-12-31T09:00:00,88.02,0.0,7.6,7.6
2022-12-31T10:00:00,53.95,0.0,0.3,0.3
2022-12-31T11:00:00,32.06,0.0,7.6,7.6
2022-12-31T12:00:00,41.86,0.0,5.4,5.4
2022-12-31T13:00:00,41.89,0.0,12.8,12.8
2022-12-31T14:00:00,34.24,0.0,11.2,11.2
2022-12-31T15:00:00,34.52,0.0,9.4,9.4
2022-12-31T16:00:00,34.71,0.0,11.0,11.0
2022-12-31T17:00:00,34.11,0.0,7.6,7.6
2022-12-31T18:00:00,50.05,0.0,11.0,11.0
2022-12-31T19:00:00,60.29,0.0,9.5,9.5
2022-12-31T20:00:00,60.37,0.0,7.6,7.6
2022-12-31T21:00:00,72.62,0.0,5.5,5.5
2022-12-31T22:00:00,72.82,0.0,11.0,11.0
2022-12-31T23:00:00,72.05,0.0,9.4,9.4
2023-01-01T00:00:00,79.98,0.0,8.4,8.4
2023-01-01T01:00:00,85.27,0.0,7.6,7.6
2023-01-01T02:00:00,81.77,0.0,7.6,7.6
2023-01-01T03:00:00,96.91,0.0,7.6,7.6
2023-01-01T04:00:00,100.0,0.0,7.6,7.6
2023-01-01T05:00:00,86.45,0.0,3.6,3.6
2023-01-01T06:00:00,94.06,0.0,0.2,0.2
2023-01-01T07:00:00,93.84,0.0,0.2,0.2
2023-01-01T08:00:00,71.16,0.0,0.0,0.0
2023-01-01T09:00:00,61.69,0.0,9.3,9.3
2023-01-01T10:00:00,47.94,0.0,12.9,12.9
2023-01-01T11:00:00,36.74,0.0,3.7,3.7
2023-01-01T12:00:00,41.81,0.0,13.0,13.0
2023-01-01T13:00:00,39.37,0.0,9.4,9.4
2023-01-01T14:00:00,34.87,0.0,3.7,3.7
2023-01-01T15:00:00,39.65,0.0,14.7,14.7
2023-01-01T16:00:00,39.37,0.0,9.6,9.6
2023-01-01T17:00:00,41.1,0.0,7.6,7.6
2023-01-01T18:00:00,53.26,0.0,11.1,11.1
2023-01-01T19:00:00,56.81,0.0,9.4,9.4
2023-01-01T20:00:00,62.47,0.0,0.2,0.2
2023-01-01T21:00:00,72.52,0.0,9.4,9.4
2023-01-01T22:00:00,73.14,0.0,9.4,9.4
2023-01-01T23:00:00,73.51,0.0,7.6,7.6
2023-01-02T00:00:00,88.1,0.0,9.4,9.4
2023-01-02T01:00:00,96.94,0.0,9.4,9.4
2023-01-02T02:00:00,82.82,0.0,7.6,7.6
2023-01-02T03:00:00,100.0,0.0,4.5,4.5
2023-01-02T04:00:00,100.0,0.0,3.6,3.6
2023-01-02T05:00:00,92.13,0.0,0.0,0.0
2023-01-02T06:00:00,94.06,0.0,0.2,0.2
2023-01-02T07:00:00,94.1,0.0,0.1,0.1
2023-01-02T08:00:00,81.87,0.0,3.6,3.6
2023-01-02T09:00:00,78.02,0.0,10.9,10.9
2023-01-02T10:00:00,50.4,0.0,16.4,16.4
2023-01-02T11:00:00,36.61,0.0,11.2,11.2
2023-01-02T12:00:00,41.29,0.0,15.0,15.0
2023-01-02T13:00:00,39.15,0.0,14.9,14.9
2023-01-02T14:00:00,36.62,0.0,5.6,5.6
2023-01-02T15:00:00,39.1,0.0,9.6,9.6
2023-01-02T16:00:00,41.48,0.0,11.4,11.4
2023-01-02T17:00:00,40.11,0.0,9.4,9.4
2023-01-02T18:00:00,53.16,0.0,9.6,9.6
2023-01-02T19:00:00,60.15,0.0,12.8,12.8
2023-01-02T20:00:00,59.25,0.0,9.4,9.4
2023-01-02T21:00:00,72.97,0.0,9.3,9.3
2023-01-02T22:00:00,73.28,0.0,0.3,0.3
2023-01-02T23:00:00,75.78,0.0,5.4,5.4
2023-01-03T00:00:00,88.1,0.0,3.6,3.6
2023-01-03T01:00:00,90.96,0.0,2.7,2.7
2023-01-03T02:00:00,82.62,0.0,5.4,5.4
2023-01-03T03:00:00,100.0,0.0,3.6,3.6
2023-01-03T04:00:00,100.0,0.0,3.6,3.6
2023-01-03T05:00:00,89.24,0.0,0.0,0.0
2023-01-03T06:00:00,94.1,0.0,7.4,7.4
2023-01-03T07:00:00,94.11,0.0,3.6,3.6
2023-01-03T08:00:00,88.81,0.0,3.6,3.6
2023-01-03T09:00:00,87.98,0.0,14.4,14.4
2023-01-03T10:00:00,73.24,0.0,11.1,11.1
2023-01-03T11:00:00,51.49,0.0,9.4,9.4
2023-01-03T12:00:00,57.28,0.0,13.3,13.3
2023-01-03T13:00:00,50.49,0.0,11.6,11.6
2023-01-03T14:00:00,40.13,0.0,9.4,9.4
2023-01-03T15:00:00,50.42,0.0,14.8,14.8
2023-01-03T16:00:00,50.31,0.0,9.5,9.5
2023-01-03T17:00:00,47.13,0.0,9.4,9.4
2023-01-03T18:00:00,64.04,0.0,11.2,11.2
2023-01-03T19:00:00,68.09,0.0,7.7,7.7
2023-01-03T20:00:00,68.59,0.0,3.7,3.7
2023-01-03T21:00:00,72.72,0.0,11.2,11.2
2023-01-03T22:00:00,83.22,0.0,12.9,12.9
2023-01-03T23:00:00,83.92,0.0,5.5,5.5
2023-01-04T00:00:00,100.0,0.0,11.2,11.2
2023-01-04T01:00:00,100.0,0.0,12.0,12.0
2023-01-04T02:00:00,90.48,0.0,5.4,5.4
2023-01-04T03:00:00,100.0,0.1,9.4,100009.4
2023-01-04T04:00:00,100.0,0.0,9.3,9.3
2023-01-04T05:00:00,93.85,0.0,5.4,5.4
2023-01-04T06:00:00,94.11,0.0,9.3,9.3
2023-01-04T07:00:00,100.0,0.0,7.6,7.6
2023-01-04T08:00:00,82.73,0.0,11.2,11.2
2023-01-04T09:00:00,88.71,0.0,11.0,11.0
2023-01-04T10:00:00,73.58,0.0,14.6,14.6
2023-01-04T11:00:00,52.9,0.0,5.5,5.5
2023-01-04T12:00:00,53.95,0.0,16.6,16.6
2023-01-04T13:00:00,50.7,0.0,14.9,14.9
2023-01-04T14:00:00,42.45,0.0,9.4,9.4
2023-01-04T15:00:00,47.33,0.0,11.4,11.4
2023-01-04T16:00:00,53.28,0.0,16.5,16.5
2023-01-04T17:00:00,48.44,0.0,5.5,5.5
2023-01-04T18:00:00,60.29,0.0,11.3,11.3
2023-01-04T19:00:00,64.19,0.0,12.9,12.9
2023-01-04T20:00:00,65.96,0.0,7.7,7.7
2023-01-04T21:00:00,72.72,0.0,18.0,18.0
2023-01-04T22:00:00,82.87,0.0,12.9,12.9
2023-01-04T23:00:00,84.0,0.0,9.4,9.4
2023-01-05T00:00:00,93.84,0.0,11.2,11.2
2023-01-05T01:00:00,93.84,0.0,16.6,16.6
2023-01-05T02:00:00,85.93,0.0,9.4,9.4
2023-01-05T03:00:00,96.91,0.0,11.2,11.2
2023-01-05T04:00:00,100.0,0.0,7.6,7.6
2023-01-05T05:00:00,91.6,0.0,9.4,9.4
2023-01-05T06:00:00,94.1,0.0,12.7,12.7
2023-01-05T07:00:00,94.1,0.0,14.5,14.5
2023-01-05T08:00:00,83.86,0.0,7.8,7.8
2023-01-05T09:00:00,88.09,0.0,22.1,22.1
2023-01-05T10:00:00,73.48,0.0,22.2,22.2
2023-01-05T11:00:00,60.47,0.0,5.5,5.5
2023-01-05T12:00:00,60.82,0.0,18.4,18.4
2023-01-05T13:00:00,64.46,0.0,20.6,20.6
2023-01-05T14:00:00,54.69,0.0,9.4,9.4
2023-01-05T15:00:00,60.4,0.0,14.9,14.9
2023-01-05T16:00:00,60.49,0.0,11.5,11.5
2023-01-05T17:00:00,56.25,0.0,3.7,3.7
2023-01-05T18:00:00,68.29,0.0,13.0,13.0
2023-01-05T19:00:00,73.02,0.0,13.0,13.0
2023-01-05T20:00:00,72.3,0.0,5.5,5.5
2023-01-05T21:00:00,82.52,0.0,14.7,14.7
2023-01-05T22:00:00,88.43,0.0,18.1,18.1
2023-01-05T23:00:00,82.34,0.0,9.4,9.4
2023-01-06T00:00:00,96.94,0.0,7.6,7.6
2023-01-06T01:00:00,100.0,0.0,7.6,7.6
2023-01-06T02:00:00,100.0,0.0,7.6,7.6
2023-01-06T03:00:00,100.0,0.0,3.6,3.6
2023-01-06T04:00:00,100.0,0.0,5.6,5.6
2023-01-06T05:00:00,95.04,0.0,5.5,5.5
2023-01-06T06:00:00,88.51,0.0,11.1,11.1
2023-01-06T07:00:00,94.1,0.0,9.4,9.4
2023-01-06T08:00:00,88.1,0.0,5.6,5.6
2023-01-06T09:00:00,88.75,0.0,18.0,18.0
2023-01-06T10:00:00,69.23,0.0,20.4,20.4
2023-01-06T11:00:00,51.95,0.0,14.8,14.8
2023-01-06T12:00:00,53.66,0.0,24.1,24.1
2023-01-06T13:00:00,50.42,0.0,18.7,18.7
2023-01-06T14:00:00,43.69,0.0,3.8,3.8
2023-01-06T15:00:00,57.06,0.0,16.9,16.9
2023-01-06T16:00:00,60.58,0.0,22.4,22.4
2023-01-06T17:00:00,57.07,0.0,14.8,14.8
2023-01-06T18:00:00,68.57,0.0,14.8,14.8
2023-01-06T19:00:00,72.7,0.0,13.0,13.0
2023-01-06T20:00:00,73.18,0.0,9.5,9.5
2023-01-06T21:00:00,82.75,0.0,16.5,16.5
2023-01-06T22:00:00,83.1,0.0,20.3,20.3
2023-01-06T23:00:00,83.93,0.0,7.7,7.7
2023-01-07T00:00:00,100.0,0.0,14.8,14.8
2023-01-07T01:00:00,100.0,0.0,14.8,14.8
2023-01-07T02:00:00,91.02,0.0,7.6,7.6
2023-01-07T03:00:00,100.0,0.0,13.0,13.0
2023-01-07T04:00:00,100.0,0.0,11.2,11.2
2023-01-07T05:00:00,89.81,0.0,5.5,5.5
2023-01-07T06:00:00,94.06,0.0,12.9,12.9
2023-01-07T07:00:00,94.1,0.0,16.4,16.4
2023-01-07T08:00:00,88.16,0.0,11.2,11.2
2023-01-07T09:00:00,88.63,0.0,18.1,18.1
2023-01-07T10:00:00,78.24,0.0,13.1,13.1
2023-01-07T11:00:00,59.76,0.0,11.2,11.2
2023-01-07T12:00:00,57.53,0.0,16.7,16.7
2023-01-07T13:00:00,57.45,0.0,13.2,13.2
2023-01-07T14:00:00,51.45,0.0,9.5,9.5
2023-01-07T15:00:00,53.52,0.0,13.3,13.3
2023-01-07T16:00:00,60.33,0.0,11.5,11.5
2023-01-07T17:00:00,56.73,0.0,5.6,5.6
2023-01-07T18:00:00,64.62,0.0,14.8,14.8
2023-01-07T19:00:00,68.77,0.0,11.3,11.3
2023-01-07T20:00:00,65.07,0.0,5.4,5.4
2023-01-07T21:00:00,69.25,0.0,12.9,12.9
2023-01-07T22:00:00,77.88,0.0,7.8,7.8
2023-01-07T23:00:00,77.4,0.0,5.4,5.4
2023-01-08T00:00:00,93.93,0.0,8.2,8.2
2023-01-08T01:00:00,100.0,0.0,7.3,7.3
2023-01-08T02:00:00,87.16,0.0,3.6,3.6
2023-01-08T03:00:00,100.0,0.0,7.6,7.6
2023-01-08T04:00:00,100.0,0.0,7.6,7.6
2023-01-08T05:00:00,91.61,0.0,5.4,5.4
2023-01-08T06:00:00,94.1,0.0,9.4,9.4
2023-01-08T07:00:00,94.1,0.0,9.4,9.4
2023-01-08T08:00:00,88.17,0.0,9.4,9.4
2023-01-08T09:00:00,88.83,0.0,11.2,11.2
2023-01-08T10:00:00,65.8,0.0,11.4,11.4
2023-01-08T11:00:00,51.16,0.0,9.4,9.4
2023-01-08T12:00:00,54.11,0.0,9.6,9.6
2023-01-08T13:00:00,50.77,0.0,7.6,7.6
2023-01-08T14:00:00,44.05,0.0,5.4,5.4
2023-01-08T15:00:00,50.01,0.0,7.8,7.8
2023-01-08T16:00:00,50.09,0.0,7.6,7.6
2023-01-08T17:00:00,48.9,0.0,3.7,3.7
2023-01-08T18:00:00,59.95,0.0,7.6,7.6
2023-01-08T19:00:00,64.0,0.0,5.5,5.5
2023-01-08T20:00:00,69.6,0.0,0.2,0.2
2023-01-08T21:00:00,68.17,0.0,5.5,5.5
2023-01-08T22:00:00,77.16,0.0,7.8,7.8
2023-01-08T23:00:00,74.21,0.0,5.4,5.4
2023-01-09T00:00:00,82.39,0.0,5.4,5.4
2023-01-09T01:00:00,79.62,0.0,4.5,4.5
2023-01-09T02:00:00,82.53,0.0,0.0,0.0
2023-01-09T03:00:00,87.75,0.0,5.4,5.4
2023-01-09T04:00:00,96.84,0.0,5.4,5.4
2023-01-09T05:00:00,85.84,0.0,5.4,5.4
2023-01-09T06:00:00,93.97,0.0,5.6,5.6
2023-01-09T07:00:00,94.01,0.0,5.6,5.6
2023-01-09T08:00:00,77.59,0.0,0.1,0.1
2023-01-09T09:00:00,88.5,0.0,11.0,11.0
2023-01-09T10:00:00,54.03,0.0,12.8,12.8
2023-01-09T11:00:00,34.67,0.0,0.1,0.1
2023-01-09T12:00:00,38.4,0.0,9.4,9.4
2023-01-09T13:00:00,31.47,0.0,9.6,9.6
2023-01-09T14:00:00,21.54,0.0,7.6,7.6
2023-01-09T15:00:00,27.87,0.0,5.7,5.7
2023-01-09T16:00:00,24.31,0.0,9.5,9.5
2023-01-09T17:00:00,24.25,0.0,5.5,5.5
2023-01-09T18:00:00,37.14,0.0,5.8,5.8
2023-01-09T19:00:00,45.69,0.0,7.6,7.6
2023-01-09T20:00:00,44.53,0.0,0.1,0.1
2023-01-09T21:00:00,62.69,0.0,9.3,9.3
2023-01-09T22:00:00,67.07,0.0,7.6,7.6
2023-01-09T23:00:00,74.74,0.0,0.1,0.1
2023-01-10T00:00:00,77.0,0.0,7.6,7.6
2023-01-10T01:00:00,76.92,0.0,5.5,5.5
2023-01-10T02:00:00,89.64,0.0,5.4,5.4
2023-01-10T03:00:00,87.66,0.0,3.6,3.6
2023-01-10T04:00:00,93.63,0.0,3.6,3.6
2023-01-10T05:00:00,93.72,0.0,5.5,5.5
2023-01-10T06:00:00,88.34,0.0,10.9,10.9
2023-01-10T07:00:00,94.01,0.0,9.4,9.4
2023-01-10T08:00:00,80.61,0.0,3.7,3.7
2023-01-10T09:00:00,94.14,0.0,11.0,11.0
2023-01-10T10:00:00,69.23,0.0,9.4,9.4
2023-01-10T11:00:00,47.1,0.0,3.8,3.8
2023-01-10T12:00:00,36.02,0.0,14.8,14.8
2023-01-10T13:00:00,33.84,0.0,16.4,16.4
2023-01-10T14:00:00,20.36,0.0,5.5,5.5
2023-01-10T15:00:00,33.93,0.0,14.9,14.9
2023-01-10T16:00:00,33.56,0.0,14.9,14.9
2023-01-10T17:00:00,25.75,0.0,5.5,5.5
2023-01-10T18:00:00,49.02,0.0,7.9,7.9
2023-01-10T19:00:00,55.75,0.0,11.2,11.2
2023-01-10T20:00:00,56.37,0.0,7.6,7.6
2023-01-10T21:00:00,72.26,0.0,9.4,9.4
2023-01-10T22:00:00,77.45,0.0,9.4,9.4
2023-01-10T23:00:00,77.56,0.0,9.4,9.4
2023-01-11T00:00:00,90.83,0.0,5.4,5.4
2023-01-11T01:00:00,96.88,0.0,8.2,8.2
2023-01-11T02:00:00,82.53,0.0,5.4,5.4
2023-01-11T03:00:00,100.0,0.0,3.6,3.6
2023-01-11T04:00:00,100.0,0.0,3.6,3.6
2023-01-11T05:00:00,85.73,0.0,0.0,0.0
2023-01-11T06:00:00,93.88,0.0,0.2,0.2
2023-01-11T07:00:00,94.01,0.0,0.2,0.2
2023-01-11T08:00:00,74.19,0.0,3.5,3.5
2023-01-11T09:00:00,47.47,0.0,7.6,7.6
2023-01-11T10:00:00,36.37,0.0,14.8,14.8
2023-01-11T11:00:00,26.75,0.0,5.6,5.6
2023-01-11T12:00:00,24.49,0.0,13.0,13.0
2023-01-11T13:00:00,22.82,0.0,11.3,11.3
2023-01-11T14:00:00,19.89,0.0,0.2,0.2
2023-01-11T15:00:00,24.44,0.0,13.0,13.0
2023-01-11T16:00:00,22.91,0.0,11.3,11.3
2023-01-11T17:00:00,29.17,0.0,3.7,3.7
2023-01-11T18:00:00,35.04,0.0,7.7,7.7
2023-01-11T19:00:00,42.56,0.0,7.7,7.7
2023-01-11T20:00:00,51.52,0.0,3.7,3.7
2023-01-11T21:00:00,55.24,0.0,9.4,9.4
2023-01-11T22:00:00,62.93,0.0,5.6,5.6
2023-01-11T23:00:00,70.0,0.0,5.4,5.4
2023-01-12T00:00:00,67.87,0.0,9.4,9.4
2023-01-12T01:00:00,74.77,0.0,9.4,9.4
2023-01-12T02:00:00,79.75,0.0,5.4,5.4
2023-01-12T03:00:00,93.7,0.0,5.4,5.4
2023-01-12T04:00:00,96.84,0.0,5.4,5.4
2023-01-12T05:00:00,86.83,0.0,0.0,0.0
2023-01-12T06:00:00,88.34,0.0,7.4,7.4
2023-01-12T07:00:00,94.01,0.0,0.2,0.2
2023-01-12T08:00:00,71.26,0.0,0.0,0.0
2023-01-12T09:00:00,57.36,0.0,9.2,9.2
2023-01-12T10:00:00,41.77,0.0,9.3,9.3
2023-01-12T11:00:00,30.08,0.0,0.1,0.1
2023-01-12T12:00:00,21.61,0.0,7.8,7.8
2023-01-12T13:00:00,17.44,0.0,12.7,12.7
2023-01-12T14:00:00,16.59,0.0,5.5,5.5
2023-01-12T15:00:00,16.4,0.0,5.5,5.5
2023-01-12T16:00:00,16.27,0.0,7.6,7.6
2023-01-12T17:00:00,15.95,0.0,5.5,5.5
2023-01-12T18:00:00,30.76,0.0,7.6,7.6
2023-01-12T19:00:00,37.69,0.0,9.2,9.2
2023-01-12T20:00:00,42.61,0.0,7.6,7.6
2023-01-12T21:00:00,55.16,0.0,11.3,11.3
2023-01-12T22:00:00,59.61,0.0,11.0,11.0
2023-01-12T23:00:00,59.09,0.0,9.4,9.4
2023-01-13T00:00:00,79.7,0.0,7.6,7.6
2023-01-13T01:00:00,82.26,0.0,7.6,7.6
2023-01-13T02:00:00,76.27,0.0,5.4,5.4
2023-01-13T03:00:00,87.75,0.0,3.6,3.6
2023-01-13T04:00:00,87.7,0.0,3.6,3.6
2023-01-13T05:00:00,84.06,0.0,0.0,0.0
2023-01-13T06:00:00,87.87,0.0,0.2,0.2
2023-01-13T07:00:00,93.69,0.0,0.2,0.2
2023-01-13T08:00:00,72.75,0.0,0.0,0.0
2023-01-13T09:00:00,57.69,0.0,0.2,0.2
2023-01-13T10:00:00,39.26,0.0,5.5,5.5
2023-01-13T11:00:00,30.83,0.0,0.1,0.1
2023-01-13T12:00:00,29.86,0.0,9.4,9.4
2023-01-13T13:00:00,26.3,0.0,9.5,9.5
2023-01-13T14:00:00,26.32,0.0,0.1,0.1
2023-01-13T15:00:00,23.16,0.0,9.4,9.4
2023-01-13T16:00:00,22.91,0.0,9.4,9.4
2023-01-13T17:00:00,35.23,0.0,0.2,0.2
2023-01-13T18:00:00,46.0,0.0,5.7,5.7
2023-01-13T19:00:00,49.25,0.0,7.7,7.7
2023-01-13T20:00:00,53.47,0.0,5.5,5.5
2023-01-13T21:00:00,67.97,0.0,14.4,14.4
2023-01-13T22:00:00,72.47,0.0,11.0,11.0
2023-01-13T23:00:00,72.86,0.0,7.6,7.6
2023-01-14T00:00:00,82.51,0.0,7.6,7.6
2023-01-14T01:00:00,87.93,0.0,7.6,7.6
2023-01-14T02:00:00,84.2,0.0,3.6,3.6
2023-01-14T03:00:00,96.89,0.0,7.4,7.4
2023-01-14T04:00:00,100.0,0.0,8.5,8.5
2023-01-14T05:00:00,92.71,0.0,3.6,3.6
2023-01-14T06:00:00,100.0,0.0,1.9,1.9
2023-01-14T07:00:00,94.01,0.0,0.2,0.2
2023-01-14T08:00:00,82.73,0.0,0.1,0.1
2023-01-14T09:00:00,94.05,0.0,7.5,7.5
2023-01-14T10:00:00,61.31,0.0,9.3,9.3
2023-01-14T11:00:00,28.92,0.0,0.2,0.2
2023-01-14T12:00:00,30.34,0.0,11.2,11.2
2023-01-14T13:00:00,26.57,0.0,3.9,3.9
2023-01-14T14:00:00,18.25,0.0,0.1,0.1
2023-01-14T15:00:00,18.92,0.0,9.5,9.5
2023-01-14T16:00:00,17.68,0.0,11.3,11.3
2023-01-14T17:00:00,27.0,0.0,0.2,0.2
2023-01-14T18:00:00,30.81,0.0,0.4,0.4
2023-01-14T19:00:00,37.58,0.0,7.6,7.6
2023-01-14T20:00:00,47.98,0.0,0.2,0.2
2023-01-14T21:00:00,51.73,0.0,11.1,11.1
2023-01-14T22:00:00,55.49,0.0,7.6,7.6
2023-01-14T23:00:00,63.05,0.0,5.4,5.4
2023-01-15T00:00:00,77.15,0.0,4.5,4.5
2023-01-15T01:00:00,85.11,0.0,6.5,6.5
2023-01-15T02:00:00,79.68,0.0,0.1,0.1
2023-01-15T03:00:00,93.7,0.0,4.5,4.5
2023-01-15T04:00:00,100.0,0.0,3.6,3.6
2023-01-15T05:00:00,83.47,0.0,0.0,0.0
2023-01-15T06:00:00,88.17,0.0,0.2,0.2
2023-01-15T07:00:00,88.34,0.0,0.2,0.2
2023-01-15T08:00:00,66.04,0.0,0.0,0.0
2023-01-15T09:00:00,56.96,0.0,7.4,7.4
2023-01-15T10:00:00,41.32,0.0,11.1,11.1
2023-01-15T11:00:00,26.09,0.0,3.7,3.7
2023-01-15T12:00:00,29.8,0.0,9.5,9.5
2023-01-15T13:00:00,21.51,0.0,0.5,0.5
2023-01-15T14:00:00,17.19,0.0,0.1,0.1
2023-01-15T15:00:00,17.85,0.0,0.4,0.4
2023-01-15T16:00:00,20.18,0.0,9.4,9.4
2023-01-15T17:00:00,28.86,0.0,3.7,3.7
2023-01-15T18:00:00,40.44,0.0,12.9,12.9
2023-01-15T19:00:00,51.58,0.0,11.2,11.2
2023-01-15T20:00:00,50.32,0.0,5.4,5.4
2023-01-15T21:00:00,55.42,0.0,9.4,9.4
2023-01-15T22:00:00,67.08,0.0,7.7,7.7
2023-01-15T23:00:00,75.95,0.0,11.1,11.1
2023-01-16T00:00:00,74.69,0.0,9.4,9.4
2023-01-16T01:00:00,74.77,0.0,10.3,10.3
2023-01-16T02:00:00,86.24,0.0,5.4,5.4
2023-01-16T03:00:00,82.32,0.0,7.6,7.6
2023-01-16T04:00:00,93.65,0.0,7.4,7.4
2023-01-16T05:00:00,93.69,0.0,0.0,0.0
2023-01-16T06:00:00,88.25,0.0,0.2,0.2
2023-01-16T07:00:00,94.05,0.0,0.2,0.2
2023-01-16T08:00:00,80.24,0.0,0.0,0.0
2023-01-16T09:00:00,62.02,0.0,3.7,3.7
2023-01-16T10:00:00,45.53,0.0,3.6,3.6
2023-01-16T11:00:00,30.29,0.0,3.6,3.6
2023-01-16T12:00:00,24.91,0.0,7.8,7.8
2023-01-16T13:00:00,21.59,0.0,9.4,9.4
2023-01-16T14:00:00,20.72,0.0,3.6,3.6
2023-01-16T15:00:00,19.04,0.0,9.5,9.5
2023-01-16T16:00:00,20.37,0.0,5.6,5.6
2023-01-16T17:00:00,29.83,0.0,0.1,0.1
2023-01-16T18:00:00,32.99,0.0,7.6,7.6
2023-01-16T19:00:00,42.92,0.0,7.7,7.7
2023-01-16T20:00:00,46.84,0.0,0.2,0.2
2023-01-16T21:00:00,55.99,0.0,16.5,16.5
2023-01-16T22:00:00,67.57,0.0,11.2,11.2
2023-01-16T23:00:00,62.31,0.0,9.4,9.4
2023-01-17T00:00:00,77.31,0.0,13.0,13.0
2023-01-17T01:00:00,82.39,0.0,14.8,14.8
2023-01-17T02:00:00,99.4,0.0,12.5,12.5
2023-01-17T03:00:00,100.0,0.0,10.2,10.2
2023-01-17T04:00:00,100.0,0.0,9.4,9.4
2023-01-17T05:00:00,85.25,0.0,5.4,5.4
2023-01-17T06:00:00,93.97,0.0,5.4,5.4
2023-01-17T07:00:00,93.97,0.0,7.5,7.5
2023-01-17T08:00:00,80.75,0.0,0.0,0.0
2023-01-17T09:00:00,93.52,0.0,5.4,5.4
2023-01-17T10:00:00,60.01,0.0,9.4,9.4
2023-01-17T11:00:00,31.15,0.0,3.7,3.7
2023-01-17T12:00:00,24.46,0.0,11.2,11.2
2023-01-17T13:00:00,16.2,0.0,9.4,9.4
2023-01-17T14:00:00,20.81,0.0,0.2,0.2
2023-01-17T15:00:00,18.65,0.0,13.0,13.0
2023-01-17T16:00:00,22.77,0.0,9.4,9.4
2023-01-17T17:00:00,29.94,0.0,0.2,0.2
2023-01-17T18:00:00,42.53,0.0,13.0,13.0
2023-01-17T19:00:00,45.59,0.0,11.4,11.4
2023-01-17T20:00:00,48.15,0.0,0.2,0.2
2023-01-17T21:00:00,63.11,0.0,11.2,11.2
2023-01-17T22:00:00,71.86,0.0,14.7,14.7
2023-01-17T23:00:00,74.19,0.0,0.1,0.1
2023-01-18T00:00:00,100.0,0.0,9.4,9.4
2023-01-18T01:00:00,100.0,0.0,9.4,9.4
2023-01-18T02:00:00,82.54,0.0,3.6,3.6
2023-01-18T03:00:00,100.0,0.0,9.4,9.4
2023-01-18T04:00:00,100.0,0.0,8.4,8.4
2023-01-18T05:00:00,92.06,0.0,0.0,0.0
2023-01-18T06:00:00,99.71,0.0,11.0,11.0
2023-01-18T07:00:00,94.01,0.0,11.0,11.0
2023-01-18T08:00:00,93.89,0.0,5.5,5.5
2023-01-18T09:00:00,94.1,0.0,11.0,11.0
2023-01-18T10:00:00,93.27,0.0,7.6,7.6
2023-01-18T11:00:00,45.05,0.0,5.5,5.5
2023-01-18T12:00:00,47.66,0.0,9.3,9.3
2023-01-18T13:00:00,36.86,0.0,14.4,14.4
2023-01-18T14:00:00,21.03,0.0,5.5,5.5
2023-01-18T15:00:00,28.13,0.0,11.0,11.0
2023-01-18T16:00:00,27.95,0.0,11.0,11.0
2023-01-18T17:00:00,24.11,0.0,5.5,5.5
2023-01-18T18:00:00,42.76,0.0,11.2,11.2
2023-01-18T19:00:00,52.03,0.0,11.2,11.2
2023-01-18T20:00:00,54.96,0.0,5.5,5.5
2023-01-18T21:00:00,72.96,0.0,14.6,14.6
2023-01-18T22:00:00,73.01,0.0,12.9,12.9
2023-01-18T23:00:00,76.59,0.0,9.4,9.4
2023-01-19T00:00:00,100.0,0.0,7.6,7.6
2023-01-19T01:00:00,100.0,0.0,6.5,6.5
2023-01-19T02:00:00,88.1,0.0,11.1,11.1
2023-01-19T03:00:00,100.0,0.0,7.6,7.6
2023-01-19T04:00:00,100.0,0.0,8.5,8.5
2023-01-19T05:00:00,92.06,0.0,11.1,11.1
2023-01-19T06:00:00,94.02,0.0,11.0,11.0
2023-01-19T07:00:00,94.01,0.0,7.6,7.6
2023-01-19T08:00:00,79.26,0.0,3.7,3.7
2023-01-19T09:00:00,68.83,0.0,9.1,9.1
2023-01-19T10:00:00,46.77,0.0,9.4,9.4
2023-01-19T11:00:00,28.78,0.0,5.5,5.5
2023-01-19T12:00:00,27.77,0.0,14.8,14.8
2023-01-19T13:00:00,24.21,0.0,9.6,9.6
2023-01-19T14:00:00,18.96,0.0,5.5,5.5
2023-01-19T15:00:00,22.89,0.0,12.9,12.9
2023-01-19T16:00:00,27.72,0.0,9.6,9.6
2023-01-19T17:00:00,24.18,0.0,5.5,5.5
2023-01-19T18:00:00,35.8,0.0,9.5,9.5
2023-01-19T19:00:00,46.36,0.0,11.1,11.1
2023-01-19T20:00:00,50.71,0.0,3.7,3.7
2023-01-19T21:00:00,67.97,0.0,16.3,16.3
2023-01-19T22:00:00,72.79,0.0,11.1,11.1
2023-01-19T23:00:00,74.14,0.0,7.6,7.6
2023-01-20T00:00:00,87.93,0.0,9.4,9.4
2023-01-20T01:00:00,87.93,0.0,9.4,9.4
2023-01-20T02:00:00,84.19,0.0,5.4,5.4
2023-01-20T03:00:00,100.0,0.0,12.9,12.9
2023-01-20T04:00:00,93.93,0.0,11.1,11.1
2023-01-20T05:00:00,93.88,0.0,15.5,15.5
2023-01-20T06:00:00,93.88,0.0,5.4,5.4
2023-01-20T07:00:00,93.93,0.0,7.4,7.4
2023-01-20T08:00:00,93.88,0.0,5.5,5.5
2023-01-20T09:00:00,82.55,0.0,11.1,11.1
2023-01-20T10:00:00,68.75,0.0,14.7,14.7
2023-01-20T11:00:00,64.57,0.0,18.7,18.7
2023-01-20T12:00:00,53.55,0.0,14.8,14.8
2023-01-20T13:00:00,53.7,0.0,13.0,13.0
2023-01-20T14:00:00,50.6,0.0,15.8,15.8
2023-01-20T15:00:00,47.44,0.0,16.3,16.3
2023-01-20T16:00:00,50.09,0.0,18.4,18.4
2023-01-20T17:00:00,56.92,0.0,15.8,15.8
2023-01-20T18:00:00,64.24,0.0,9.5,9.5
2023-01-20T19:00:00,64.37,0.0,14.8,14.8
2023-01-20T20:00:00,73.1,0.0,16.4,16.4
2023-01-20T21:00:00,77.75,0.0,11.2,11.2
2023-01-20T22:00:00,88.01,0.0,14.7,14.7
2023-01-20T23:00:00,93.7,0.0,11.1,11.1
2023-01-21T00:00:00,93.84,0.0,7.6,7.6
2023-01-21T01:00:00,93.84,0.0,7.6,7.6
2023-01-21T02:00:00,93.84,0.0,11.2,11.2
2023-01-21T03:00:00,93.84,0.0,11.2,11.2
2023-01-21T04:00:00,100.0,0.0,7.6,7.6
2023-01-21T05:00:00,94.02,0.0,11.0,11.0
2023-01-21T06:00:00,99.81,0.0,12.8,12.8
2023-01-21T07:00:00,94.02,0.0,11.0,11.0
2023-01-21T08:00:00,94.06,0.0,9.2,9.2
2023-01-21T09:00:00,94.15,0.0,14.7,14.7
2023-01-21T10:00:00,77.76,0.0,14.8,14.8
2023-01-21T11:00:00,64.7,0.0,15.8,15.8
2023-01-21T12:00:00,53.8,0.0,14.7,14.7
2023-01-21T13:00:00,53.6,0.0,11.2,11.2
2023-01-21T14:00:00,47.44,0.0,14.7,14.7
2023-01-21T15:00:00,47.35,0.0,11.2,11.2
2023-01-21T16:00:00,47.44,0.0,16.3,16.3
2023-01-21T17:00:00,53.35,0.0,14.8,14.8
2023-01-21T18:00:00,60.23,0.0,11.2,11.2
2023-01-21T19:00:00,64.16,0.0,7.7,7.7
2023-01-21T20:00:00,64.27,0.0,7.6,7.6
2023-01-21T21:00:00,72.78,0.0,9.5,9.5
2023-01-21T22:00:00,77.91,0.0,11.2,11.2
2023-01-21T23:00:00,77.91,0.0,16.9,16.9
2023-01-22T00:00:00,100.0,0.0,9.4,9.4
2023-01-22T01:00:00,100.0,0.0,9.4,9.4
2023-01-22T02:00:00,100.0,0.0,3.6,3.6
2023-01-22T03:00:00,100.0,0.0,3.6,3.6
2023-01-22T04:00:00,100.0,0.0,3.6,3.6
2023-01-22T05:00:00,93.97,0.0,7.4,7.4
2023-01-22T06:00:00,100.0,0.0,0.2,0.2
2023-01-22T07:00:00,88.35,0.0,9.2,9.2
2023-01-22T08:00:00,94.06,0.0,16.2,16.2
2023-01-22T09:00:00,88.18,0.0,18.3,18.3
2023-01-22T10:00:00,69.02,0.0,16.5,16.5
2023-01-22T11:00:00,57.24,0.0,14.9,14.9
2023-01-22T12:00:00,47.36,0.0,14.9,14.9
2023-01-22T13:00:00,41.71,0.0,9.5,9.5
2023-01-22T14:00:00,38.73,0.0,11.5,11.5
2023-01-22T15:00:00,34.36,0.0,13.2,13.2
2023-01-22T16:00:00,38.88,0.0,15.0,15.0
2023-01-22T17:00:00,41.34,0.0,16.6,16.6
2023-01-22T18:00:00,49.91,0.0,13.0,13.0
2023-01-22T19:00:00,56.29,0.0,11.2,11.2
2023-01-22T20:00:00,56.5,0.0,11.3,11.3
2023-01-22T21:00:00,64.18,0.0,9.5,9.5
2023-01-22T22:00:00,72.89,0.0,14.8,14.8
2023-01-22T23:00:00,72.86,0.0,19.1,19.1
2023-01-23T00:00:00,93.84,0.0,9.4,9.4
2023-01-23T01:00:00,100.0,0.0,9.4,9.4
2023-01-23T02:00:00,100.0,0.0,7.6,7.6
2023-01-23T03:00:00,100.0,0.0,7.6,7.6
2023-01-23T04:00:00,100.0,0.0,7.6,7.6
2023-01-23T05:00:00,93.97,0.0,0.3,0.3
2023-01-23T06:00:00,88.34,0.0,16.5,16.5
2023-01-23T07:00:00,94.01,0.0,12.9,12.9
2023-01-23T08:00:00,93.75,0.0,14.6,14.6
2023-01-23T09:00:00,82.87,0.0,14.8,14.8
2023-01-23T10:00:00,73.25,0.0,13.0,13.0
2023-01-23T11:00:00,77.76,0.0,19.4,19.4
2023-01-23T12:00:00,78.06,0.0,14.8,14.8
2023-01-23T13:00:00,73.56,0.0,14.8,14.8
2023-01-23T14:00:00,69.34,0.0,15.1,15.1
2023-01-23T15:00:00,69.34,0.0,9.5,9.5
2023-01-23T16:00:00,65.04,0.0,14.7,14.7
2023-01-23T17:00:00,68.95,0.0,22.0,22.0
2023-01-23T18:00:00,73.39,0.0,9.4,9.4
2023-01-23T19:00:00,77.91,0.0,9.3,9.3
2023-01-23T20:00:00,83.02,0.0,12.8,12.8
2023-01-23T21:00:00,83.18,0.0,11.1,11.1
2023-01-23T22:00:00,83.18,0.0,7.6,7.6
2023-01-23T23:00:00,93.93,0.0,16.3,16.3
2023-01-24T00:00:00,100.0,0.0,7.6,7.6
2023-01-24T01:00:00,100.0,0.0,18.4,18.4
2023-01-24T02:00:00,100.0,0.0,18.4,18.4
2023-01-24T03:00:00,100.0,0.0,11.2,11.2
2023-01-24T04:00:00,100.0,0.0,11.2,11.2
2023-01-24T05:00:00,94.1,0.0,15.5,15.5
2023-01-24T06:00:00,88.52,0.0,11.2,11.2
2023-01-24T07:00:00,88.52,0.0,14.7,14.7
2023-01-24T08:00:00,93.93,0.0,12.6,12.6
2023-01-24T09:00:00,88.27,0.0,14.8,14.8
2023-01-24T10:00:00,77.76,0.0,14.6,14.6
2023-01-24T11:00:00,64.79,0.0,14.7,14.7
2023-01-24T12:00:00,64.67,0.0,11.1,11.1
2023-01-24T13:00:00,57.26,0.0,11.2,11.2
2023-01-24T14:00:00,57.4,0.0,7.6,7.6
2023-01-24T15:00:00,53.86,0.0,14.6,14.6
2023-01-24T16:00:00,53.86,0.0,7.8,7.8
2023-01-24T17:00:00,57.26,0.0,14.4,14.4
2023-01-24T18:00:00,60.8,0.0,9.5,9.5
2023-01-24T19:00:00,64.46,0.0,13.0,13.0
2023-01-24T20:00:00,68.5,0.0,19.1,19.1
2023-01-24T21:00:00,72.82,0.0,14.7,14.7
2023-01-24T22:00:00,77.46,0.0,13.0,13.0
2023-01-24T23:00:00,77.75,0.0,21.2,21.2
2023-01-25T00:00:00,82.63,0.0,11.2,11.2
2023-01-25T01:00:00,88.01,0.0,7.6,7.6
2023-01-25T02:00:00,88.01,0.0,20.2,20.2
2023-01-25T03:00:00,93.79,0.0,5.4,5.4
2023-01-25T04:00:00,93.74,0.0,5.4,5.4
2023-01-25T05:00:00,93.79,0.0,14.0,14.0
2023-01-25T06:00:00,93.79,0.0,14.7,14.7
2023-01-25T07:00:00,93.84,0.0,11.2,11.2
2023-01-25T08:00:00,93.88,0.0,11.2,11.2
2023-01-25T09:00:00,93.7,0.0,14.8,14.8
2023-01-25T10:00:00,77.75,0.0,14.6,14.6
2023-01-25T11:00:00,64.58,0.0,13.7,13.7
2023-01-25T12:00:00,53.6,0.0,7.7,7.7
2023-01-25T13:00:00,47.25,0.0,7.6,7.6
2023-01-25T14:00:00,39.0,0.0,11.2,11.2
2023-01-25T15:00:00,34.5,0.0,11.1,11.1
2023-01-25T16:00:00,32.07,0.0,16.5,16.5
2023-01-25T17:00:00,34.01,0.0,18.4,18.4
2023-01-25T18:00:00,41.23,0.0,13.0,13.0
2023-01-25T19:00:00,49.65,0.0,12.9,12.9
2023-01-25T20:00:00,56.51,0.0,19.1,19.1
2023-01-25T21:00:00,64.18,0.0,12.9,12.9
2023-01-25T22:00:00,73.18,0.0,11.1,11.1
2023-01-25T23:00:00,73.32,0.0,9.4,9.4
2023-01-26T00:00:00,93.84,0.0,11.2,11.2
2023-01-26T01:00:00,100.0,0.0,7.6,7.6
2023-01-26T02:00:00,100.0,0.0,7.6,7.6
2023-01-26T03:00:00,100.0,0.0,11.2,11.2
2023-01-26T04:00:00,100.0,0.0,13.0,13.0
2023-01-26T05:00:00,94.01,0.0,11.2,11.2
2023-01-26T06:00:00,93.97,0.0,13.0,13.0
2023-01-26T07:00:00,93.97,0.0,9.4,9.4
2023-01-26T08:00:00,93.84,0.0,12.9,12.9
2023-01-26T09:00:00,82.9,0.0,11.1,11.1
2023-01-26T10:00:00,68.7,0.0,9.4,9.4
2023-01-26T11:00:00,50.38,0.0,13.7,13.7
2023-01-26T12:00:00,43.66,0.0,11.1,11.1
2023-01-26T13:00:00,31.81,0.0,7.6,7.6
2023-01-26T14:00:00,30.05,0.0,3.8,3.8
2023-01-26T15:00:00,31.63,0.0,11.1,11.1
2023-01-26T16:00:00,28.08,0.0,9.4,9.4
2023-01-26T17:00:00,38.66,0.0,14.6,14.6
2023-01-26T18:00:00,49.25,0.0,14.6,14.6
2023-01-26T19:00:00,56.2,0.0,12.9,12.9
2023-01-26T20:00:00,59.99,0.0,13.1,13.1
2023-01-26T21:00:00,64.06,0.0,11.1,11.1
2023-01-26T22:00:00,73.18,0.0,11.1,11.1
2023-01-26T23:00:00,82.79,0.0,12.8,12.8
2023-01-27T00:00:00,100.0,0.0,9.4,9.4
2023-01-27T01:00:00,100.0,0.0,5.4,5.4
2023-01-27T02:00:00,100.0,0.0,14.8,14.8
2023-01-27T03:00:00,100.0,0.0,11.2,11.2
2023-01-27T04:00:00,100.0,0.0,14.8,14.8
2023-01-27T05:00:00,94.06,0.0,11.3,11.3
2023-01-27T06:00:00,94.02,0.0,11.1,11.1
2023-01-27T07:00:00,94.02,0.0,11.1,11.1
2023-01-27T08:00:00,88.35,0.0,12.8,12.8
2023-01-27T09:00:00,73.24,0.0,7.6,7.6
2023-01-27T10:00:00,60.68,0.0,7.7,7.7
2023-01-27T11:00:00,50.15,0.0,14.7,14.7
2023-01-27T12:00:00,44.19,0.0,11.3,11.3
2023-01-27T13:00:00,36.51,0.0,11.3,11.3
2023-01-27T14:00:00,36.51,0.0,16.9,16.9
2023-01-27T15:00:00,24.74,0.0,14.8,14.8
2023-01-27T16:00:00,30.3,0.0,11.3,11.3
2023-01-27T17:00:00,32.07,0.0,9.5,9.5
2023-01-27T18:00:00,43.46,0.0,14.8,14.8
2023-01-27T19:00:00,49.36,0.0,11.2,11.2
2023-01-27T20:00:00,56.28,0.0,12.9,12.9
2023-01-27T21:00:00,63.68,0.0,9.4,9.4
2023-01-27T22:00:00,67.9,0.0,9.4,9.4
2023-01-27T23:00:00,72.71,0.0,14.4,14.4
2023-01-28T00:00:00,77.3,0.0,11.2,11.2
2023-01-28T01:00:00,82.38,0.0,11.2,11.2
2023-01-28T02:00:00,87.83,0.0,3.6,3.6
2023-01-28T03:00:00,87.83,0.0,3.6,3.6
2023-01-28T04:00:00,93.7,0.0,5.4,5.4
2023-01-28T05:00:00,88.0,0.0,10.4,10.4
2023-01-28T06:00:00,93.74,0.0,0.2,0.2
2023-01-28T07:00:00,87.92,0.0,0.2,0.2
2023-01-28T08:00:00,77.6,0.0,5.4,5.4
2023-01-28T09:00:00,40.74,0.0,16.3,16.3
2023-01-28T10:00:00,33.44,0.0,14.8,14.8
2023-01-28T11:00:00,31.56,0.0,14.9,14.9
2023-01-28T12:00:00,28.14,0.0,18.2,18.2
2023-01-28T13:00:00,29.96,0.0,18.3,18.3
2023-01-28T14:00:00,28.3,0.0,11.2,11.2
2023-01-28T15:00:00,30.23,0.0,20.5,20.5
2023-01-28T16:00:00,32.07,0.0,16.7,16.7
2023-01-28T17:00:00,34.01,0.0,11.4,11.4
2023-01-28T18:00:00,46.36,0.0,12.9,12.9
2023-01-28T19:00:00,52.73,0.0,11.3,11.3
2023-01-28T20:00:00,63.77,0.0,11.3,11.3
2023-01-28T21:00:00,72.51,0.0,18.1,18.1
2023-01-28T22:00:00,72.92,0.0,16.3,16.3
2023-01-28T23:00:00,77.75,0.0,12.9,12.9
2023-01-29T00:00:00,82.38,0.0,9.4,9.4
2023-01-29T01:00:00,87.83,0.0,11.2,11.2
2023-01-29T02:00:00,87.83,0.0,7.6,7.6
2023-01-29T03:00:00,93.7,0.0,5.4,5.4
2023-01-29T04:00:00,87.74,0.0,5.4,5.4
2023-01-29T05:00:00,82.58,0.0,0.2,0.2
2023-01-29T06:00:00,82.69,0.0,7.6,7.6
2023-01-29T07:00:00,82.65,0.0,5.5,5.5
2023-01-29T08:00:00,77.6,0.0,11.1,11.1
2023-01-29T09:00:00,56.77,0.0,13.1,13.1
2023-01-29T10:00:00,41.18,0.0,14.9,14.9
2023-01-29T11:00:00,32.06,0.0,15.0,15.0
2023-01-29T12:00:00,36.44,0.0,22.4,22.4
2023-01-29T13:00:00,36.72,0.0,13.2,13.2
2023-01-29T14:00:00,34.51,0.0,24.1,24.1
2023-01-29T15:00:00,36.86,0.0,14.9,14.9
2023-01-29T16:00:00,41.83,0.0,20.6,20.6
2023-01-29T17:00:00,50.25,0.0,18.5,18.5
2023-01-29T18:00:00,56.57,0.0,14.9,14.9
2023-01-29T19:00:00,64.24,0.0,7.7,7.7
2023-01-29T20:00:00,68.43,0.0,11.1,11.1
2023-01-29T21:00:00,77.46,0.0,9.5,9.5
2023-01-29T22:00:00,77.91,0.0,11.1,11.1
2023-01-29T23:00:00,83.18,0.0,9.4,9.4
2023-01-30T00:00:00,93.93,0.0,9.4,9.4
2023-01-30T01:00:00,100.0,0.0,11.2,11.2
2023-01-30T02:00:00,100.0,0.0,9.4,9.4
2023-01-30T03:00:00,100.0,0.0,9.4,9.4
2023-01-30T04:00:00,100.0,0.0,5.4,5.4
2023-01-30T05:00:00,94.06,0.0,5.5,5.5
2023-01-30T06:00:00,94.06,0.0,9.2,9.2
2023-01-30T07:00:00,94.06,0.0,9.2,9.2
2023-01-30T08:00:00,88.43,0.0,14.8,14.8
2023-01-30T09:00:00,78.34,0.0,12.9,12.9
2023-01-30T10:00:00,69.42,0.0,13.0,13.0
2023-01-30T11:00:00,65.25,0.0,16.6,16.6
2023-01-30T12:00:00,61.27,0.0,7.7,7.7
2023-01-30T13:00:00,54.42,0.1,9.4,9.61939398992104
2023-01-30T14:00:00,54.43,0.0,16.6,16.6
2023-01-30T15:00:00,47.81,0.1,22.3,22.4916072205265
2023-01-30T16:00:00,54.31,0.2,13.2,13.637731587367941
2023-01-30T17:00:00,57.73,0.9,14.8,16.929164586788296
2023-01-30T18:00:00,64.92,1.5,9.5,13.775928517877656
2023-01-30T19:00:00,73.45,0.0,13.0,13.0
2023-01-30T20:00:00,73.73,1.8,11.3,18.15189626229059
2023-01-30T21:00:00,78.35,1.4,16.6,23.066482833797533
2023-01-30T22:00:00,83.45,1.0,16.6,22.642259563386325
2023-01-30T23:00:00,88.6,0.0,9.4,9.4
